<div class="line">
                <div class="image_box">
                    <img class="image_character" src="" alt="">
                </div>
                <div class="image_box">
                    <img class="image_character" src="" alt="">
                </div>
                <div class="image_box">
                    <img class="image_character" src="" alt="">
                </div>
                <div class="image_box">
                    <img class="image_character" src="" alt="">
                </div>
                <div class="image_box">
                    <img class="image_character" src="" alt="">
                </div>
                <div class="image_box">
                    <img class="image_character" src="" alt="">
                </div>
                <div class="image_box">
                    <img class="image_character" src="" alt="">
                </div>
                <div class="image_box">
                    <img class="image_character" src="" alt="">
                </div>
                <div class="image_box">
                    <img class="image_character" src="" alt="">
                </div>
                <div class="image_box">
                    <img class="image_character" src="" alt="">
                </div>
            </div>




https://mario.wiki.gallery/images/thumb/3/3e/Mario_SSBUltimate.png/800px-Mario_SSBUltimate.png

https://mario.wiki.gallery/images/thumb/7/7e/DonkeyKong_SSBU.png/800px-DonkeyKong_SSBU.png

https://mario.wiki.gallery/images/thumb/5/5e/LinkSSBU.png/800px-LinkSSBU.png

https://mario.wiki.gallery/images/thumb/0/03/Samus_SSBU.png/800px-Samus_SSBU.png

https://mario.wiki.gallery/images/thumb/a/a6/Dark_Samus_SSBU.png/800px-Dark_Samus_SSBU.png

https://mario.wiki.gallery/images/thumb/c/ce/YoshiSSBU.png/800px-YoshiSSBU.png

https://mario.wiki.gallery/images/thumb/0/07/Kirby_SSBU.png/800px-Kirby_SSBU.png

https://mario.wiki.gallery/images/thumb/2/2f/Fox_SSBU.png/800px-Fox_SSBU.png

https://mario.wiki.gallery/images/thumb/9/93/Pikachu_SSBU.png/800px-Pikachu_SSBU.png

https://mario.wiki.gallery/images/thumb/1/1d/LuigiSSBU.png/800px-LuigiSSBU.png

https://mario.wiki.gallery/images/thumb/8/82/Ness_SSBU.png/400px-Ness_SSBU.png

https://mario.wiki.gallery/images/thumb/7/76/CaptainFalcon_SSBU.png/800px-CaptainFalcon_SSBU.png

https://mario.wiki.gallery/images/thumb/6/6a/Jigglypuff_SSBU.png/800px-Jigglypuff_SSBU.png

https://mario.wiki.gallery/images/thumb/6/6a/PeachSSBU.png/800px-PeachSSBU.png

https://mario.wiki.gallery/images/thumb/3/35/Daisy_SSBUltimate.png/800px-Daisy_SSBUltimate.png

https://mario.wiki.gallery/images/thumb/4/49/Bowser_SSBU.png/800px-Bowser_SSBU.png

https://mario.wiki.gallery/images/thumb/e/e0/IceClimbers_SSBU.png/800px-IceClimbers_SSBU.png

https://mario.wiki.gallery/images/thumb/0/00/Sheik_SSBU.png/800px-Sheik_SSBU.png

https://mario.wiki.gallery/images/thumb/5/5e/ZeldaSSBU.png/800px-ZeldaSSBU.png

https://mario.wiki.gallery/images/thumb/b/b4/DrMario_SSBU.png/800px-DrMario_SSBU.png

https://mario.wiki.gallery/images/thumb/c/c1/Pichu_SSBU.png/800px-Pichu_SSBU.png

https://mario.wiki.gallery/images/thumb/a/ae/FalcoSSBU.png/800px-FalcoSSBU.png

https://mario.wiki.gallery/images/thumb/e/e9/Marth_SSBU.png/800px-Marth_SSBU.png

https://mario.wiki.gallery/images/thumb/d/dc/Lucina_SSBU.png/800px-Lucina_SSBU.png

https://mario.wiki.gallery/images/thumb/2/26/YoungLink_SSBU.png/800px-YoungLink_SSBU.png

https://mario.wiki.gallery/images/thumb/9/91/Ganondorf_SSBU.png/800px-Ganondorf_SSBU.png

https://mario.wiki.gallery/images/thumb/d/de/Mewtwo_SSBU.png/800px-Mewtwo_SSBU.png

https://mario.wiki.gallery/images/thumb/d/da/RoySSBU.png/800px-RoySSBU.png

https://mario.wiki.gallery/images/thumb/5/57/Chrom_SSBU.png/800px-Chrom_SSBU.png

https://mario.wiki.gallery/images/thumb/7/70/MrGameWatch_SSBU.png/800px-MrGameWatch_SSBU.png

https://mario.wiki.gallery/images/thumb/7/75/MetaKnightSSBU.png/800px-MetaKnightSSBU.png

https://mario.wiki.gallery/images/thumb/3/38/Pit_SSBU.png/800px-Pit_SSBU.png

https://mario.wiki.gallery/images/thumb/c/cc/DarkPit_SSBU.png/800px-DarkPit_SSBU.png

https://mario.wiki.gallery/images/thumb/f/f4/ZeroSuitSamus_SSBU.png/800px-ZeroSuitSamus_SSBU.png

https://mario.wiki.gallery/images/thumb/8/87/WarioSSBU.png/800px-WarioSSBU.png

https://mario.wiki.gallery/images/thumb/2/23/Snake_SSBUltimate.png/800px-Snake_SSBUltimate.png

https://mario.wiki.gallery/images/thumb/7/78/IkeSSBU.png/800px-IkeSSBU.png

https://mario.wiki.gallery/images/thumb/0/0f/Pok%C3%A9mon_Trainer_SSBU.png/1200px-Pok%C3%A9mon_Trainer_SSBU.png

https://mario.wiki.gallery/images/thumb/a/a1/SSBU_Pokemon_Trainer_Solo_Artwork.png/800px-SSBU_Pokemon_Trainer_Solo_Artwork.png

https://mario.wiki.gallery/images/thumb/b/b8/DiddyKong_SSBU.png/800px-DiddyKong_SSBU.png

https://mario.wiki.gallery/images/thumb/8/81/Lucas_SSBU.png/800px-Lucas_SSBU.png

https://mario.wiki.gallery/images/thumb/b/ba/Sonic_SSBU.png/800px-Sonic_SSBU.png

https://mario.wiki.gallery/images/thumb/d/da/KingDededeSSBU.png/800px-KingDededeSSBU.png

https://mario.wiki.gallery/images/thumb/b/b3/Olimar_SSBU.png/800px-Olimar_SSBU.png

https://mario.wiki.gallery/images/thumb/0/08/Lucario_SSBU.png/400px-Lucario_SSBU.png

https://mario.wiki.gallery/images/thumb/b/b8/ROB_SSBU.png/800px-ROB_SSBU.png

https://mario.wiki.gallery/images/thumb/7/7e/ToonLink_SSBU.png/800px-ToonLink_SSBU.png

https://mario.wiki.gallery/images/thumb/4/42/WolfSSBU.png/800px-WolfSSBU.png

https://mario.wiki.gallery/images/thumb/a/ac/Villager_SSBU.png/800px-Villager_SSBU.png

https://mario.wiki.gallery/images/thumb/8/8a/MegaMan_SSBU.png/800px-MegaMan_SSBU.png

https://mario.wiki.gallery/images/thumb/a/a0/WiiFitTrainer_SSBU.png/400px-WiiFitTrainer_SSBU.png

https://mario.wiki.gallery/images/thumb/6/63/RosalinaLuma_SBBU.png/800px-RosalinaLuma_SBBU.png

https://mario.wiki.gallery/images/thumb/7/7b/LittleMac_SSBU.png/800px-LittleMac_SSBU.png

https://mario.wiki.gallery/images/thumb/d/da/Greninja_SSBU.png/800px-Greninja_SSBU.png

https://mario.wiki.gallery/images/thumb/2/26/Mii_Fighter_SSBU.png/1200px-Mii_Fighter_SSBU.png

https://mario.wiki.gallery/images/thumb/c/cc/MiiBrawler_SSBU.png/800px-MiiBrawler_SSBU.png

https://mario.wiki.gallery/images/thumb/4/4e/PalutenaSSBU.png/800px-PalutenaSSBU.png

https://mario.wiki.gallery/images/thumb/0/03/Pac-Man_SSBU.png/800px-Pac-Man_SSBU.png

https://mario.wiki.gallery/images/thumb/2/2f/RobinSSBU.png/800px-RobinSSBU.png

https://mario.wiki.gallery/images/thumb/4/41/ShulkSSBU.png/800px-ShulkSSBU.png

https://mario.wiki.gallery/images/thumb/7/77/BowserJr_SSBU.png/800px-BowserJr_SSBU.png

https://mario.wiki.gallery/images/thumb/d/da/DuckHunt_SSBU.png/800px-DuckHunt_SSBU.png

https://mario.wiki.gallery/images/thumb/6/61/Ryu_SSBU.png/800px-Ryu_SSBU.png

https://mario.wiki.gallery/images/thumb/f/f6/Ken_SSBU.png/800px-Ken_SSBU.png

https://mario.wiki.gallery/images/thumb/b/b3/Cloud_SSBU.png/800px-Cloud_SSBU.png

https://mario.wiki.gallery/images/thumb/c/c4/Corrin_SSBU.png/800px-Corrin_SSBU.png

https://mario.wiki.gallery/images/thumb/7/7c/Bayonetta_SSBU.png/800px-Bayonetta_SSBU.png

https://mario.wiki.gallery/images/thumb/2/2e/Inkling_SSBU.png/800px-Inkling_SSBU.png

https://mario.wiki.gallery/images/thumb/1/18/Ridley_SSBUltimate.png/800px-Ridley_SSBUltimate.png

https://mario.wiki.gallery/images/thumb/8/89/Simon_Belmont_SSBU.png/800px-Simon_Belmont_SSBU.png

https://mario.wiki.gallery/images/thumb/0/09/Richter_Belmont_SSBU.png/800px-Richter_Belmont_SSBU.png

https://mario.wiki.gallery/images/thumb/8/87/King_K_Rool_SSBU.png/800px-King_K_Rool_SSBU.png

https://mario.wiki.gallery/images/thumb/2/2b/Isabelle_SSBU.png/800px-Isabelle_SSBU.png

https://mario.wiki.gallery/images/thumb/c/c4/Incineroar_SSBU.png/800px-Incineroar_SSBU.png

https://mario.wiki.gallery/images/thumb/f/f0/Piranha_Plant_SSBU.png/800px-Piranha_Plant_SSBU.png

https://mario.wiki.gallery/images/thumb/5/5c/Joker_SSBU.png/800px-Joker_SSBU.png

https://mario.wiki.gallery/images/thumb/d/d7/Luminary_SSBU.png/800px-Luminary_SSBU.png

https://mario.wiki.gallery/images/thumb/0/0b/BanjoKazooie_SSBU.png/800px-BanjoKazooie_SSBU.png

https://mario.wiki.gallery/images/thumb/f/f5/Terry_SSBU.png/800px-Terry_SSBU.png

https://mario.wiki.gallery/images/thumb/0/09/SSBU_Male_Byleth_Artwork.png/800px-SSBU_Male_Byleth_Artwork.png

https://mario.wiki.gallery/images/thumb/3/35/Min_Min_SSBU.png/800px-Min_Min_SSBU.png

https://mario.wiki.gallery/images/thumb/0/02/SSBU_Steve.png/800px-SSBU_Steve.png

https://mario.wiki.gallery/images/thumb/d/d6/SSBU_Sephiroth.png/800px-SSBU_Sephiroth.png

https://mario.wiki.gallery/images/thumb/8/80/SSBU_Pyra_Mythra.png/800px-SSBU_Pyra_Mythra.png

https://mario.wiki.gallery/images/thumb/5/57/SSBU_Kazuya.png/800px-SSBU_Kazuya.png

https://mario.wiki.gallery/images/thumb/2/2d/Sora_SSBU.png/800px-Sora_SSBU.png